driver_id,driver_name,vendor,experience_years
1,Driver_1,Vendor_C,7
2,Driver_2,Vendor_C,10
3,Driver_3,Vendor_C,4
4,Driver_4,Vendor_C,7
5,Driver_5,Vendor_B,8
6,Driver_6,Vendor_B,10
7,Driver_7,Vendor_B,5
8,Driver_8,Vendor_C,10
9,Driver_9,Vendor_A,10
10,Driver_10,Vendor_C,2
11,Driver_11,Vendor_A,4
12,Driver_12,Vendor_B,2
13,Driver_13,Vendor_A,4
14,Driver_14,Vendor_A,9
15,Driver_15,Vendor_A,3
16,Driver_16,Vendor_A,7
17,Driver_17,Vendor_B,10
18,Driver_18,Vendor_B,5
19,Driver_19,Vendor_A,4
20,Driver_20,Vendor_B,5
21,Driver_21,Vendor_C,8
22,Driver_22,Vendor_A,4
23,Driver_23,Vendor_B,10
24,Driver_24,Vendor_C,4
25,Driver_25,Vendor_B,2
26,Driver_26,Vendor_C,4
27,Driver_27,Vendor_C,3
28,Driver_28,Vendor_B,3
29,Driver_29,Vendor_A,1
30,Driver_30,Vendor_A,5
31,Driver_31,Vendor_C,10
32,Driver_32,Vendor_B,8
33,Driver_33,Vendor_A,8
34,Driver_34,Vendor_C,5
35,Driver_35,Vendor_C,7
36,Driver_36,Vendor_B,9
37,Driver_37,Vendor_C,8
38,Driver_38,Vendor_B,2
39,Driver_39,Vendor_C,1
40,Driver_40,Vendor_B,6
41,Driver_41,Vendor_C,5
42,Driver_42,Vendor_A,2
43,Driver_43,Vendor_A,10
44,Driver_44,Vendor_C,1
45,Driver_45,Vendor_C,5
46,Driver_46,Vendor_C,1
47,Driver_47,Vendor_A,8
48,Driver_48,Vendor_C,8
49,Driver_49,Vendor_B,3
50,Driver_50,Vendor_C,7
51,Driver_51,Vendor_C,8
52,Driver_52,Vendor_A,8
53,Driver_53,Vendor_B,7
54,Driver_54,Vendor_B,6
55,Driver_55,Vendor_C,2
56,Driver_56,Vendor_A,6
57,Driver_57,Vendor_B,8
58,Driver_58,Vendor_B,7
59,Driver_59,Vendor_C,1
60,Driver_60,Vendor_B,2
61,Driver_61,Vendor_B,5
62,Driver_62,Vendor_B,2
63,Driver_63,Vendor_B,9
64,Driver_64,Vendor_A,9
65,Driver_65,Vendor_B,7
66,Driver_66,Vendor_A,4
67,Driver_67,Vendor_C,6
68,Driver_68,Vendor_C,8
69,Driver_69,Vendor_C,8
70,Driver_70,Vendor_A,4
71,Driver_71,Vendor_B,9
72,Driver_72,Vendor_A,5
73,Driver_73,Vendor_B,8
74,Driver_74,Vendor_A,1
75,Driver_75,Vendor_C,10
76,Driver_76,Vendor_A,3
77,Driver_77,Vendor_B,9
78,Driver_78,Vendor_A,9
79,Driver_79,Vendor_B,2
80,Driver_80,Vendor_A,2
81,Driver_81,Vendor_B,2
82,Driver_82,Vendor_C,3
83,Driver_83,Vendor_B,5
84,Driver_84,Vendor_C,5
85,Driver_85,Vendor_B,8
86,Driver_86,Vendor_B,4
87,Driver_87,Vendor_B,9
88,Driver_88,Vendor_A,7
89,Driver_89,Vendor_A,10
90,Driver_90,Vendor_C,3
91,Driver_91,Vendor_A,5
92,Driver_92,Vendor_B,6
93,Driver_93,Vendor_C,5
94,Driver_94,Vendor_A,5
95,Driver_95,Vendor_C,5
96,Driver_96,Vendor_C,10
97,Driver_97,Vendor_C,8
98,Driver_98,Vendor_A,8
99,Driver_99,Vendor_C,8
100,Driver_100,Vendor_B,6
101,Driver_101,Vendor_C,9
102,Driver_102,Vendor_B,8
103,Driver_103,Vendor_B,4
104,Driver_104,Vendor_C,4
105,Driver_105,Vendor_C,7
106,Driver_106,Vendor_A,7
107,Driver_107,Vendor_A,6
108,Driver_108,Vendor_C,8
109,Driver_109,Vendor_C,7
110,Driver_110,Vendor_B,3
111,Driver_111,Vendor_B,1
112,Driver_112,Vendor_A,9
113,Driver_113,Vendor_C,6
114,Driver_114,Vendor_A,8
115,Driver_115,Vendor_A,9
116,Driver_116,Vendor_B,1
117,Driver_117,Vendor_C,3
118,Driver_118,Vendor_B,3
119,Driver_119,Vendor_A,8
120,Driver_120,Vendor_B,6
121,Driver_121,Vendor_C,7
122,Driver_122,Vendor_C,2
123,Driver_123,Vendor_B,9
124,Driver_124,Vendor_B,6
125,Driver_125,Vendor_C,8
126,Driver_126,Vendor_C,1
127,Driver_127,Vendor_C,2
128,Driver_128,Vendor_A,5
129,Driver_129,Vendor_A,2
130,Driver_130,Vendor_B,2
131,Driver_131,Vendor_C,2
132,Driver_132,Vendor_B,3
133,Driver_133,Vendor_C,5
134,Driver_134,Vendor_A,1
135,Driver_135,Vendor_B,1
136,Driver_136,Vendor_B,6
137,Driver_137,Vendor_B,7
138,Driver_138,Vendor_A,4
139,Driver_139,Vendor_C,7
140,Driver_140,Vendor_C,3
141,Driver_141,Vendor_A,3
142,Driver_142,Vendor_A,10
143,Driver_143,Vendor_B,10
144,Driver_144,Vendor_C,4
145,Driver_145,Vendor_B,10
146,Driver_146,Vendor_A,4
147,Driver_147,Vendor_B,5
148,Driver_148,Vendor_B,5
149,Driver_149,Vendor_C,1
150,Driver_150,Vendor_B,5
